<?xml version="1.0" encoding="UTF-8"?>
<project-private xmlns="http://www.netbeans.org/ns/project-private/1">
    <editor-bookmarks xmlns="http://www.netbeans.org/ns/editor-bookmarks/2" lastBookmarkId="0"/>
    <open-files xmlns="http://www.netbeans.org/ns/projectui-open-files/2">
        <group>
            <file>file:/C:/Users/ziedr/Desktop/Web_Eng_project%20this/Web_Eng_project/web/ReturningBook.jsp</file>
            <file>file:/C:/Users/ziedr/Desktop/Web_Eng_project%20this/Web_Eng_project/web/SharedBooks.jsp</file>
            <file>file:/C:/Users/ziedr/Desktop/Web_Eng_project%20this/Web_Eng_project/web/transaction_successful.html</file>
            <file>file:/C:/Users/ziedr/Desktop/Web_Eng_project%20this/Web_Eng_project/src/java/Controller/CommentAndRate.java</file>
            <file>file:/C:/Users/ziedr/Desktop/Web_Eng_project%20this/Web_Eng_project/src/java/Controller/ShareBook.java</file>
            <file>file:/C:/Users/ziedr/Desktop/Web_Eng_project%20this/Web_Eng_project/web/Search_Book_Result.jsp</file>
            <file>file:/C:/Users/ziedr/Desktop/Web_Eng_project%20this/Web_Eng_project/src/java/Classes/SharingBook.java</file>
            <file>file:/C:/Users/ziedr/Desktop/Web_Eng_project%20this/Web_Eng_project/web/view_commentsAndRartes.jsp</file>
            <file>file:/C:/Users/ziedr/Desktop/Web_Eng_project%20this/Web_Eng_project/web/patron-dashboard.jsp</file>
        </group>
    </open-files>
</project-private>
